电影名,年份,上映日期,标签,时长,评分,语言,导演,作者,宣传语,简介
Avatar Aang: The Last Airbender,(2026),2026/07/24 (US),"动画,动作,冒险,奇幻",1h 39m,92,-,Tim Hedrick,勞倫·蒙哥馬利,The legacy reawakens.,"Avatar Aang, the world's last Airbender, learns of an ancient power that could save his culture from extinction. With the help of his friends, he embarks on a global quest to find it before it falls into the wrong hands and threatens to upend the peace they sacrificed everything to achieve."
Accidental Partners,(2026),2026/03/12 (MX),"喜剧,爱情",1h 50m,89,西班牙語,Ihtzi Hurtado,Carmen Castro,概覽,Two women discover they were both scammed by the same man (who also got them pregnant). They form an alliance to take revenge.
奇幻變身大冒險,(2026),2026/05/01 (HK),"冒险,动画,家庭,奇幻",1h 42m,89,英語,內森·格雷諾,Robert Snow,Transform your destiny.,林地小動物和大鳥突然互換了身體，只好彼此合作，共同面對一生最瘋狂的冒險。
夜巡毒梟,(2026),2026/08/21 (MX),"犯罪,动作,惊悚",1h 31m,88,西班牙語,Chava Cartas,Bernardo Esquinca,概覽,兩位墨西哥員警不幸得罪一名殘忍的毒梟後，必須拼命撐過值勤的最後幾小時。這部犯罪劇情片改編自真實事件。
鬼滅之刃劇場版 無限城篇 第一章 猗窩座再襲,(2025),2025/08/14 (HK),"动画,动作,奇幻",2h 35m,88,日語,外崎春雄,近藤光,It's time to have some fun.,為了讓變成鬼的妹妹禰豆子變回人類，加入鬼殺隊的灶門炭治郎，一路上與不同的「柱」成為同伴，並肩作戰，一起戰鬥。無限列車篇的「炎柱」煉獄杏壽郎、遊郭篇的「音柱」宇髓天元，以及在刀匠村篇的「霧柱」時透無一郎和「戀柱」甘露寺蜜璃 ，同伴我妻善逸和嘴平伊之助。  當大家參加集體「柱訓練」，為即將到來與鬼的戰鬥做準備時，鬼舞辻無慘出現在鬼殺隊的產屋敷宅邸。眼見主公大人身陷危境，炭治郎和「柱」們趕往宅邸，但被無慘的手推入一個神秘空間。炭治郎和鬼殺隊來到惡鬼的基地——無限城，正式開始與惡鬼之間的最終戰役！
月黑高飛,(1994),1995/10/26 (HK),"剧情,犯罪",2h 22m,87,英語,法蘭·達拉本特,史提芬·京,Fear can hold you prisoner. Hope can set you free.,1947 年，一位年輕的波特蘭銀行家安迪·杜佛蘭（添·羅賓斯飾）被指控殺死其妻子與其情夫，分別被判決兩個無期徒刑，進入緬因州的蕭申克監獄（蕭山克監獄）。另一方面，蕭申克監獄的交易商囚犯瑞德（摩根·費曼飾）在服刑了 20 年後申請假釋又被駁回，恰巧他也目睹了蕭申克監獄內新囚犯的到來，這其中也包括了安迪。新囚犯們得先與典獄長諾頓和獄警警備隊隊長海利會面，之後才會進入監獄服刑。在當晚，有一名囚犯因無法適應監獄的黑暗環境而哭喊，而後被隊長海利活活打死。
教父,(1972),1980/01/24 (HK),"剧情,犯罪",2h 55m,87,英語,法蘭西斯·柯波拉,馬里奧·普佐,An offer you can't refuse.,電影描述西西里的柯里安大家族於美國掘起，辛苦掙扎奮鬥成為黑幫教父，最後引起權力鬥爭，甚至家族地位動搖。殿堂級金像大導哥普拉將原本的通俗小說提昇至黑幫史詩式電影的層次，巧妙地將社會問題、家庭、權力、罪惡、榮譽、道德等命題融合一起。影片吸引力經久不衰，被譽為電影史上最偉大的美國電影之一。
米高積遜,(2026),2026/04/22 (HK),"音乐,剧情",2h 8m,87,英語,安東尼·福奎阿,約翰·洛根,Discover the making of a king.,《米高積遜》聚焦他的音樂成就，更深入描寫他舞台之外的人生軌跡：從幼年被發掘成為 Jackson Five 主唱，到成為全球最偉大娛樂巨星的過程，展露了他無與倫比的創作熱情，與對完美的執著追求。他早期獨唱事業中的多個經典表演及重要時刻，亦會於電影中復刻眼前，讓觀眾彷彿親臨現場，以全新視角走進這位傳奇人物的內心世界。
末日聖母號,(2026),2026/03/19 (HK),"科幻,冒险",2h 37m,86,英語,菲力洛迪文,克里斯·米勒,Believe in the Hail Mary.,科學老師 Ryland Grace（賴恩高斯寧 飾）在一艘距離地球數光年遠的太空船上醒來，隨着記憶慢慢逐漸恢復，佢先至知道大鑊！原來太陽就快玩完，而佢竟然是人類最後希望？！為了破解令太陽熄機之謎，他必須用盡畢生科學知識、非傳統諗頭，誓死拯救地球。不過估唔到喺呢趟孤獨太空之旅，竟然識到個意想不到嘅拍檔⋯⋯
教父續集,(1974),1974/12/20 (US),"剧情,犯罪",3h 20m,86,英語,法蘭西斯·柯波拉,馬里奧·普佐,The rise and fall of the Corleone empire.,柯裏安家族幼子米高（阿爾柏仙奴飾）自繼承大權後，續漸將勢力滲入各正當企業及政治圈中，企圖將黑手黨化暗為明。
十二怒漢,(1957),1957/04/10 (US),剧情,1h 37m,86,英語,雷金納德·羅斯,西德尼·盧梅特,It explodes like 12 sticks of dynamite!,本片所有場景幾乎都發生在一個小房間內，講述 11 名陪審團如何在另一名持反對意見的陪審團的説服下拋棄成見，以挽救一條性命。
舒特拉的名單,(1993),1994/03/17 (HK),"剧情,历史,战争",3h 15m,86,英語,史提芬·史匹堡,湯瑪斯·簡尼利,"Whoever saves one life, saves the world entire.",電影情節於 1939 年德國發起的猶太大移民開始。那時二戰剛剛打響，克拉科夫周圍的波蘭猶太人被要求到克拉科夫集中。同時，來自摩拉維亞的奧斯卡·舒特拉以一個德國商人的身份，來到這個城市，以求發戰爭財。舒特拉是納粹黨黨員，經常對德意志國防軍和黨衞隊的官員大筆大筆地進行賄賂，以便獲得更多的採購權。舒特拉在軍方的贊助下開辦起軍用餐具廠。他自己並不太瞭解如何經營企業，但後來他遇到了合夥人伊薩克·斯特恩。此人是克拉科夫猶太委員會的官員，熟悉猶太人商人圈子，與該區的黑市有聯繫。猶太商人借給舒特拉辦廠的資金，但只要求獲得較小部分的回報分成。工廠開辦後，舒特拉負責去取悦納粹黨，獲得了「Herr Direktor」的頭銜，斯特恩則負責處理一切管理事務。舒特拉以可以少給工錢為由招聘猶太波蘭人而不要一般波蘭人（其實所謂的「工錢」工人們一分拿不到，全部都要上交給黨衞隊）。舒特拉工廠裏的工人可以走出猶太區。斯特恩費盡心思偽造文書，讓儘量多的人表面上看起來符合「對德國打仗有利」這一條件，獲得進入工廠的資格，免受殘害或被拉到集中營受苦。
年少心事,(2024),2024/09/14 (HK),"剧情,爱情",1h 39m,86,荷蘭語,安東尼·沙特曼,,概覽,在學期間，13 歲的 Elias 與來自布魯塞爾的 14 歲新鄰居 Alexander 成為密友。Alexander 勇於表白愛意，但春心同樣躁動的 Elias 則陷入恐懼和苦惱之中。在謊言漫天紛飛的困惑下，Elias 將 Alexander 拒於門外，同時感到極度孤立；但與爺爺關於愛的力量的一席話後，卻得到激勵而克服內心掙紮，矢志為自己的愛情奮鬥，證明自己值得贏回 Alexander 的愛。
鏈鋸人 - 劇場版：蕾潔篇,(2025),2025/09/25 (HK),"动画,动作,爱情,奇幻",1h 40m,85,日語,吉原達矢,瀨古浩司,"Lost Love, Flower, Chainsaw.",主角澱治曾是黑幫的惡魔獵人，試圖償還父母留下的債務。後來，他被黑幫背叛、殺害，就在瀕死之際，他與電鋸惡魔波奇塔締結了契約，從此化身為無敵的電鋸人！擁有「鏈鋸惡魔」力量的澱治，在與夢中情人真紀真約會後，遇見了在咖啡廳工作的神秘少女蕾潔。兩人展開了一段充滿愛情卻又危機四伏的故事。在惡魔、獵人與隱藏敵人交織的殘酷戰場上，澱治迎來了他迄今為止最致命的挑戰⋯⋯
蝙蝠俠—黑夜之神,(2008),2008/07/17 (HK),"动作,犯罪,惊悚",2h 32m,85,英語,基斯杜化·路蘭,鮑勃·凱恩,俠影出洞 迎戰無法無天,在警長佔哥頓和新檢察官哈菲丹特的幫助下，蝙蝠俠主動出擊，搗破葛鹹城中的邪惡勢力。這個伸張正義的鐵三角組合本來非常成功，但他們將要面對的強勁對手，是一位自稱為「小醜」的可怕狂徒。
千與千尋,(2001),2001/12/13 (HK),"动画,家庭,奇幻",2h 5m,85,日語,宮崎駿,,Beyond the tunnel was a mysterious town.,某一天，年僅 10 歲的荻野千尋跟著父母坐在車上，準備一同前往要搬入的新家。在路途當中，千尋的父親因開錯方向，來到一條有著隧道入口的小徑。千尋的父母在一時好奇心下，帶著她前往隧道裏頭一探究竟。
綠里奇蹟,(1999),2000/03/09 (HK),"奇幻,剧情,犯罪",3h 9m,85,英語,法蘭·達拉本特,史提芬·京,Paul Edgecomb didn't believe in miracles. Until the day he met one.,所謂「綠裏」，是指從監房到死囚之間地面上塗上綠色油漆的路程，獄長保甸多年來曾送過不少死囚走過「綠裏」，但當他押著六尺五寸的黑人哥菲上電椅時，內心卻悲痛莫名。外表孔武有力的哥菲被控謀殺兩名白人姐妹，但保羅看得出他心地善良並擁有神奇力量，令保羅開始質疑哥菲是否被誤判。保羅漸漸發覺奇蹟通常在意料之外的地方發生。
魔戒三部曲：王者再臨,(2003),2003/12/18 (HK),"冒险,奇幻,动作",4h 11m,85,英語,彼得積遜,J·R·R·託爾金,There can be no triumph without loss. No victory without suffering. No freedom without sacrifice.,遠征隊還是分頭努力，一邊是亞拉岡、勒苟拉斯、金霹加上洛汗國的希優頓；另一頭則有梅裏、皮聘見證了薩魯曼位於艾辛格的高塔受到精靈族的摧毀；而佛羅多、山姆則繼續前往末日山脈，咕魯帶他們前往另一段未知的命運。
漂洋過海愛上你,(1995),1995/10/20 (IN),"喜剧,剧情,爱情",3h 10m,85,印地語,Aditya Chopra,,"Come… fall In love, all over again…",當拉傑（沙魯克罕飾）與希姆蘭（卡約兒飾）首次在歐洲的鐵路假日行相遇時，並未徹底一見鍾情。但是當希姆蘭被帶回印度奉命結婚，事情有所改變。在父親達拉姆維爾（亞努潘卡爾飾）的鼓勵下，拉傑決定從倫敦飛過去。他不僅要擄獲新娘和她的全家人的心，還要獲得她父親巴爾德夫辛格（亞姆列殊普利飾）的祝福。
上流寄生族,(2019),2019/06/20 (HK),"喜剧,惊悚,剧情",2h 12m,85,韓語,奉俊昊,韓進元,Act like you own the place.,窮爸爸基澤 (宋康昊 飾) 一家四口全是無業遊民，他們終日望天打卦，直至長子基佑 (崔宇植 飾) 以偽造文憑，成功受聘為神秘富豪 (李善均 飾) 子女的補習老師，這潦倒的一家彷彿重獲生機，「共享」上流人的榮華富貴，但無止境的貧富差距最終令人性失控. . . .
星際啟示錄,(2014),2014/11/06 (HK),"冒险,剧情,科幻",2h 49m,85,英語,基斯杜化·路蘭,尊納頓路蘭,Mankind was born on Earth. It was never meant to die here.,世界在歷經極端氣候與糧食危機，地球瀕臨末日之際，一位電機工程師（馬修麥康納希 Matthew McConaughey 飾）與一群專業研究者還有頂尖太空人（安夏菲慧 Anne Hathaway 飾） ，扛起人類史上最重要的任務，越過已知的銀河，在星際間尋找未來出路。同時必須先割捨無法與家人見面的親情牽絆，在愛與勇氣、生存與挑戰中，跨越星際拯救人類…
你的名字,(2016),2016/11/11 (HK),"动画,爱情,剧情",1h 46m,85,日語,新海誠,,"Separated by distance, connected by fate.",故事發生在日本千年一遇的流星夜後一個月。住在鄉郊的女高中生宮水三葉對這種生活感到枯燥，一直非常嚮往都市生活。「來生要成為東京帥哥！」是她的願望。有一天，她真的夢見自己成為男生。眼前的是一個不熟悉的房間、不認識的朋友，還有她夢寐以求的東京寬闊街道。
危險人物,(1994),1995/03/23 (HK),"惊悚,犯罪,喜剧",2h 34m,85,英語,昆頓·塔倫天奴,羅傑·阿瓦里,You won’t know the facts until you’ve seen the fiction.,幾個擦身而過的人，在黑道世界中交織出微妙錯綜的故事。
¿Quieres ser mi hijo?,(2023),2023/09/21 (US),"喜剧,爱情",1h 40m,84,-,Ihtzi Hurtado,,概覽,"Lu, a conformist woman in her forties, learns that her 15-year partner has been having extramarital affairs. Starting from scratch, she gets involved in an unexpected relationship with a young womanizer."
獨行俠決鬥地獄門,(1966),1968/06/13 (HK),西部,2h 41m,85,意大利語,賽爾喬·萊昂內,盧西亞諾·文森佐尼,For three men the Civil War wasn't hell. It was practice.,美國南北戰爭時期，南方政府埋藏了一批黃金。這個消息恰好被三名主角知道了，然而他們每個人只知道關於埋藏地點的一部分訊息。因此既要合作，又要提防對方獨吞財產。
阿甘正傳,(1994),1994/12/15 (HK),"喜剧,剧情,爱情",2h 22m,85,英語,羅伯特·澤米吉斯,温斯頓·格魯姆,The world will never be the same once you've seen it through the eyes of Forrest Gump.,阿甘自幼與母親相依為命，雖然智商比普通人為低，雙腳亦天生有障礙。但他生性篤實，與世無爭，在母親無微不至照顧下，健康地長大。阿甘的一生可説是平凡中不平凡，他面對每一件事都抱忠誠純真的態度，就是獲甘迺迪總統嘉勉，參加越戰奮勇抗敵，與尼克遜總統相遇，跟約翰聯儂一起接受訪問，在欖球比賽得冠軍，到中國參加世界乒乓球比賽，把捕蝦生意搞成大企業等等，他都是以稚子之心待之。可是，母親的去世和青梅竹馬的珍妮的我行我素性格弄得阿甘好苦，於是他在全美各地跑步解憂，成傳媒爭相報導的對象…
切腹,(1962),1962/09/15 (JP),"动作,剧情,历史",2h 15m,85,-,小林正樹,瀧口康彥,"What befalls others today, may be your own fate tomorrow.",影片根據瀧口康彥的小説《異聞浪人記》改編，圍繞展現武士道精神的終極形式——切腹展開了一個別開生面的故事。影片根據瀧口康彥的小説《異聞浪人記》改編，圍繞展現武士道精神的終極形式——切腹展開了一個別開生面的故事。導演透過 通過這個故事，對武士道精神做了一番討論，批判了所謂武士的體面這種虛假可憎的東西，謳歌了貧困武士堅守尊嚴的精神，同時對他們的不幸生活遭遇表示出深切的同情，揭露出封建社會的黑暗和不公。這是一部構思巧妙、製作精良、發人深省的傑作。本片在戛納電影界上獲得了讚譽，在日本國內贏得了每日電影評選的最佳影片獎，出演半四郎的仲代達矢憑藉此片獲得了數座最佳男主演獎獎盃。
七俠四義,(1954),1954/04/26 (JP),"动作,剧情",3h 27m,85,日語,黑澤明,小國英雄,Unmatched for suspense and spectacle!,日本戰國時代末期，不少武士淪落為作惡多端的山賊。一個村莊的村民，經常遭受野武士搶劫，無意又得知野武士計劃在秋收時來襲，決定到外面尋找武士協助他們抵抗山賊。由於這條村實在太貧窮，只能用收成得來的白米飯做酬勞，長老説要請「肚餓的武士」，但肚餓的武士怎能對抗山賊？不過，這班村民拿著白米飯，居然打動了六位沒有藩屬、俠骨仁心的武士，加上自稱武士之後的菊千代，七人回到村落協助防守。七位武士帶領農民積極備戰，建築防禦、掘成壕溝、整肅隊伍。這段相處期間，武士與農民的各種矛盾逐一湧現，又逐一和解。終於，山賊襲擊的時候來了。七位武士和一眾農民，奮力抵抗山賊，也付出了沉重的代價，武士中包括菊千代在內有四人陣亡。大戰過後，武士們離開村落，武士中的首腦人物勘兵衞不禁感嘆：「這也是場敗仗……羸的並不是武士，而是農民。」
Selena Gomez：聽聽，最真的我,(2022),2022/11/04 (HK),"纪录,音乐",1h 35m,85,英語,阿萊克·凱西西恩,Paul Marchand,把握時時刻刻，衝破人生幽谷。,受公眾關注多年，Selena Gomez大紅大紫，但正當她要再創高峰時，一個意外轉折把她拉進人生低谷。這部紀錄片獨特、真實和私密，以全新角度剖析她這六年來的心路歷程。
盜亦有道,(1990),1990/11/01 (HK),"剧情,犯罪",2h 25m,85,英語,馬田史高西斯,尼古拉斯·皮萊吉,Three decades of life in the mafia.,亨利生長在 20 世紀 50 年代美國紐約市東的布魯克林區，他很小時就開始注意到街口對面的意大利黑幫 Lucchese 家族（Lucchese crime family）。這種關注逐漸地便發展為一種崇拜：小亨利開始渴望有朝一日自己也能成為該家族中的一員。1955 年，小亨利正式退學並開始為家族在當地的一個聚點打雜。此後不久，經過其自身的不懈努力和家族首腦保利 及其合作夥伴吉米 的賞識與栽培，小亨利逐步得到家族成員的信任，並迅速發展成為家族骨幹。
再見螢火蟲,(1988),1988/04/16 (JP),"动画,剧情,战争",1h 29m,84,日語,高畑勳,,Why do fireflies have to die so soon?,美日戰爭爆發，14 歲的清太帶著年幼的妹妹到處逃命，當他們到達防空洞的時候，母親已身受重傷，沒過多久便不久人世。兩兄妹自此過著相依為命的日子。他們只好投靠了母親的姐妹，縱使他們把家裏所有的家當都送給了阿姨，但當食物 ​​吃完，他們就越感到了寄人籬下的感覺，清太決定帶著妹妹離開獨自生活。火災硝煙中的生活並不好過，清太為了妹妹四處偷取食物，但妹妹還是嚴重營養不良……
魔戒首部曲：魔戒現身,(2001),2002/01/31 (HK),"冒险,奇幻,动作",3h 28m,84,英語,彼得積遜,J·R·R·託爾金,One ring to rule them all.,黑暗魔王索倫鑄造了一隻至尊魔戒，神奇力量足以令他征服眾生靈，輾轉被哈比族人佛羅多巴金斯所承繼。佛羅多必須把魔戒丟進它的鑄造地末日山脈的火焰之中，才能徹底摧毀這股黑暗力量。他在一班正義忠心伴侶幫助下組成遠征隊，其中包括哈比族人、人類戰士、巫師、矮人及精靈，途中他們要跟索倫集結的半獸人集團決戰，並要抵擋來自這隻魔戒的邪惡力量所引發的誘惑。一段漫長的正邪之戰，從此展開……
一個快樂的傳説,(1997),1997/12/20 (IT),"喜剧,剧情",1h 56m,84,意大利語,羅貝託·貝尼尼,文森佐·塞拉米,殘酷戰火下 以頑抗宿命 以歡笑活出傳說,圭多是一個心地善良樂觀的猶太青年。他對生活充滿了美好的嚮往。他和好友駕駛破車從鄉間來到阿雷佐小鎮，他的願望是在小鎮開一家屬於自己的書店過著與世無爭的生活。途經一座穀倉塔時，年輕漂亮的女子多拉突然從塔樓上跌落到他的懷中。圭多立刻對她產生了好感。兩人邂逅燃起了心中愛情的火焰。婚後，圭多夢寐以求的書店開業了，他們有了個乖巧可愛的兒子喬舒亞。圭多一家人生活幸福美滿。豈料，在喬舒亞五歲生日這天，納粹分子抓走了父子，強行把他們送往猶太人集中營。
搏擊會,(1999),1999/11/11 (HK),"剧情,惊悚",2h 19m,84,英語,大衞·芬查,恰克·帕拉尼克,Mischief. Mayhem. Soap.,愛德華諾頓飾演一位失眠病患者，讀完大學，找到一份工作，然後買屋，過著沉悶痛苦的刻板生活。直到遇上肥皂推銷員畢彼特，扭轉了他的命運。畢彼特深信自我進步是弱者的行為，只有自我毀滅才活得有價值。他們組成「搏擊會」，會員互相毆打致頭破血流，尋求「真正的生活意義」，並集結，自行重整社會秩序。直至畢彼特癒見走火入魔，終引發出愛德華一段聲嘶力竭的掙紮。
明亮燦爛的你,(2026),2026/05/08 (HK),"剧情,悬疑",1h 54m,84,英語,奧利維亞·紐曼,約翰·惠廷頓,Brighter together.,這部動人的劇情片改編自暢銷小說，描述一名寡婦在小鎮水族館值夜班，和一隻聰明的章魚及一個迷茫的年輕人培養出獨特情誼。
人類啟示錄,(2015),2015/09/12 (FR),纪录,3h 11m,84,法語,楊·亞祖－貝彤,,概覽,集攝影師、記者、環保倡議者於一身的全能導演Yann-Arthus Bertrand完成大自然紀錄片«人類啟示錄»後轉變視角，拷問人性。不同種族，不同語言，不同身世，卻擁有一樣真實的臉，一樣掙扎的人生。紀錄片採訪兩千多人，走遍六十多個國家，內容觸及戰爭、種族、宗教、暴力、性別、賣淫、歧視及仇殺等禁忌話題。一個個經歷過如斯苦難的靈魂赤裸裸的與你對視，毫無掩飾地講述自己的人生，控訴與懺悔交織，淚水與寬恕融匯。生而為人，意義何在？在人生永無盡頭的征途中，也許只有愛才能抵禦一切。
星光伴我心,(1988),1990/01/18 (HK),"剧情,爱情",2h 4m,84,意大利語,基斯比·湯納度,,An enchanted village. A wonderful friendship. Star-crossed lovers. And the magic of the movies.,義大利小男孩多多喜愛電影，在 Cinema Paradiso 戲院流聯忘返。他在戲院跟亦師亦友的老放映師學放映，又在戲院嘗到戀愛的甜蜜和心痛。在多多心中，這間戲院一如其名，像天堂樂園一樣。他也許不知道，他的一生從此與電影分不開。有多少影迷與多多一樣，不知不覺間深陷於對電影的熱愛，人生的不同階段都在戲院找到慰藉？
魔戒二部曲：雙城奇謀,(2002),2003/01/09 (HK),"冒险,奇幻,动作",3h 43m,84,英語,彼得積遜,J·R·R·託爾金,The journey continues.,黑暗魔王索倫鑄造了一隻至尊魔戒，神奇力量足以令他征服眾生靈，輾轉被哈比族人佛羅多巴金斯所承繼。佛羅多必須把魔戒丟進它的鑄造地末日山脈的火焰之中，才能徹底摧毀這股黑暗力量。他在一班正義忠心伴侶幫助下組成遠征隊，其中包括哈比族人、人類戰士、巫師、矮人及精靈，途中他們要跟索倫集結的半獸人集團決戰，並要抵擋來自這隻魔戒的邪惡力量所引發的誘惑。一段漫長的正邪之戰，從此展開. . . . . .
每個人的每件事,(2019),2019/03/10 (US),纪录,1h 55m,84,英語,Sebastian Jones,Ramez Silyan,概覽,本紀錄片近距離刻畫歌手小皮普的崛起，他的音樂揉合各種風格，吸引大批追隨者，最後也定義了他的人生。
無主之城,(2002),2003/05/08 (HK),"剧情,犯罪",2h 9m,84,葡萄牙語,費蘭度·美拿里斯,保羅·林斯,"If you run, the beast catches you; if you stay, the beast eats you.",「天主之城」是最危險的貧民窟，住在這裏的孩子們幾乎人手一槍，進入此區的貨車都難逃被劫的命運，已成了暴力毒品的天堂，聯警察都不願意輕易涉足。導演用超動感的剪輯，呈現片中死亡與鮮血的畫面，配上輕快的森巴背景音樂，彷彿殺人變得合理、犯罪得到快感，加上靈活的運鏡手法，讓人遊走在理性的邊緣，但是又不至迷失人性。
David Attenborough：活在天與地,(2020),2020/09/28 (GB),"纪录,剧情",1h 23m,84,英語,Keith Scholey,艾雷斯泰·法瑟吉爾,概覽,節目主持人講述自己的人生，並回顧地球上的生命演化史，以此悼念消逝的野生棲地，同時分享他對未來的願景。
A Dog's Will,(2000),2000/09/15 (BR),"喜剧,剧情,奇幻,爱情",1h 44m,84,葡萄牙語,蓋爾·阿賴斯,Ariano Suassuna,Lying with faith is not always a sin.,"The lively João Grilo and the sly Chicó are poor guys living in the hinterland who cheat a bunch of people in a small town in Northeastern Brazil. When they die, they have to be judged by Christ, the Devil and the Virgin Mary before they are admitted to paradise."
羅小黑戰記,(2019),2019/08/27 (CN),"动画,奇幻,动作",1h 42m,84,漢語,木頭,風息,One Small Spirit Will Determine the Fate of the World.,在妖攘的人類世界裏，很多妖精隱瞞其中，他們與人類相安無事地生活著。貓妖羅小黑因為家園被破壞，開始了它的流浪之旅。包容的人類夥伴相繼出現，讓小黑包圍了兩難抉擇，究竟何處才是真正的歸屬？
妙不可言,(2021),2021/06/17 (MX),"家庭,剧情",1h 28m,84,西班牙語,Ernesto Contreras,Estéfani Enríquez Soto,There are encounters that change your life,生活是如此奇妙且難以預測，有時會在最不經意的地方發現幸福：一位七旬老嫗和她的少年鄰居之間產生了深厚的友誼。
觸目驚心,(1960),1961/01/12 (HK),"恐怖,惊悚,悬疑",1h 49m,84,英語,亞弗列·希治閣,羅伯特·布洛克,A new and altogether different screen excitement!,該片講述了瑪莉蓮在浴室中被精神分裂的狂人殺死，之後瑪莉蓮的姐姐和男友加入警方的調查，在逐步偵查下終於揭露狂人殺人真相的故事。
飛越瘋人院,(1975),1975/11/19 (US),剧情,2h 15m,84,英語,米路士·科曼,肯·克西,"In this clean, orderly, disciplined world, who needs guys like McMurphy? Everybody.",劇本改編自一部同名小説，曾獲 1975 年第 48 屆奧斯卡最佳影片，最佳男、女主角，最佳導演和最佳改編劇本五項至尊大獎。據導演所講，這部電影其實是從他由布拉格之春之後鐵幕捷克逃到美國的個人經歷而改編的。這次經歷，使他明白到任何的夢想的實現機會可能不高，但若連這個機會都拋棄的話，這個夢想可實現的機會就只有零。而這種精神，也非常切合美國人一向提倡的美國精神。
Protector,(2026),2026/03/06 (US),"动作,惊悚",1h 30m,84,-,阿德裏安·格魯伯格,Mun-Bong Seub,Never get between a mother and her child.,"Nikki's life is shattered when her daughter is kidnapped. Thrust into the criminal underworld while hunted by cops and military, she must fight to rescue her child."
蜘蛛俠：跳入蜘蛛宇宙,(2018),2018/12/13 (HK),"动画,动作,冒险,科幻",1h 57m,84,英語,洛迪文尼·羅斯曼,菲力洛迪文,Enter a universe where more than one wears the mask.,一個生活在布魯克林的平凡青年麥爾斯 (Miles) 發現自己擁有不尋常力量，徬徨之際，蜘蛛俠彼得柏加 (Peter Parker) 突然現身話要教他做守護城市的蜘蛛俠，麥爾斯先知道原來這個宇宙並不只有一個蜘蛛俠? !
電影版 聲之形,(2016),2017/04/06 (HK),"动画,剧情,爱情",2h 10m,84,日語,山田尚子,吉田玲子,Sometimes the answer is as simple as learning to listen.,最討厭無聊的少年，主角石田將也。小學時曾經是孩子王的他，對弱聽的轉校生．西宮硝子抱有單純的好奇心。她的出現令將也以為無聊的日子終於得到解放，但跟硝子之間發生了某事件之後，將也被同學們孤立排擠。
星球大戰：帝國反擊戰,(1980),1980/08/08 (HK),"冒险,动作,科幻",2h 4m,84,英語,艾榮·卡舒納,勞倫斯·卡斯丹,The Star Wars saga continues.,帝國軍被擊敗後勃然大怒，派出精鋭部隊追擊盟軍，Han Solo 和公主 Leia 在逃亡到雲城時被黑武士擄去。Luke Skywalker 長途拔涉到一神秘星體，尋訪智慧尊者 Yoda，並學曉運用宇宙大能，用以對付黑武士，一場激烈的生死決戰迅速展開。
希望：為愛重生,(2013),2013/10/02 (KR),剧情,2h 2m,84,韓語,李濬益,曹重勳,We won't let her shed tears again.,8 歲的素媛慘遭殘忍性侵，險些喪命之後，全家人努力扶持她療傷，同時也得應對自己的憤怒與悲痛。
哈爾移動城堡,(2004),2005/03/24 (HK),"奇幻,动画,冒险",1h 59m,84,日語,宮崎駿,戴安娜·韋恩·瓊斯,被魔咒變成九十歲的少女，遇上移動城堡的魔法師,18 歲少女蘇菲被荒野女巫的魔咒變成了 90 歲老婆婆，為找尋解除咒語的方法，偶然闖入了四處遊走、充滿機關和魔法的移動城堡，裏面一道魔法門，更可通往四個神奇世界。
Lucy Shimmers and the Prince of Peace,(2020),2020/10/19 (US),"剧情,家庭",1h 27m,84,-,Rob Diamond,,概覽,Second chances start when a hardened criminal crosses paths with a precocious little girl who is helped by an angel to change hearts during the holiday season.
加百列的地獄,(2020),2020/05/29 (US),"爱情,剧情",2h 2m,84,英語,Tosca Musk,Sylvain Reynard,概覽,關於誘惑、禁止的愛情和救贖的有趣探索，一個人試圖掙得不可能的東西：寬恕和愛，這是一個引人入勝和充滿激情的故事，講述了一個人從自己的地獄中逃脱出來
七宗罪,(1995),1995/11/30 (HK),"犯罪,悬疑,惊悚",2h 7m,84,英語,大衞·芬查,安德魯·凱文·沃克,Gluttony. Greed. Sloth. Envy. Wrath. Pride. Lust.,故事從天主教中有 7 種死罪説起，一場離奇的連環殺人案，受害者都是死於這 7 宗罪其中一種。經驗十足的警探 Somerset 努力不懈，終於將這些看似沒有聯繫的命案屢出頭緒。5 宗命案過後，兇手下一個目標是誰？警方不知所措，兇手卻奇跡般自首，此時他的「七宗罪」還差兩宗⋯⋯
天國與地獄,(1963),1963/03/01 (JP),"剧情,犯罪,惊悚,悬疑",2h 22m,84,日語,黑澤明,埃文·亨特,"Stark, intense drama almost beyond belief!","靠自己努力當上鞋業公司高層的權藤，正為公司的事務發愁，不料他司機的兒子進一卻被綁匪誤當成他的兒子綁走，要他交納 3, 000 萬日圓贖金。一開始權藤並不願意交錢給匪徒，因為他為解決公司上的事務急需用錢。後來因救人心切他通過交付贖金救回進一，自己卻被公司內的人排擠出了公司，並落到被債權人追債的地步。後來負責調查此案的警察們不但查出匪徒的身份——竹內，還設計證明瞭竹內用毒品殺死同謀者的犯罪事實，最終竹內被判死刑。臨死前竹內要求見權藤一面，説出了他憎恨有錢人的內心想法。"
鼓動真我,(2014),2014/10/15 (HK),"剧情,音乐,惊悚",1h 47m,84,英語,戴米恩·查素,,是誰教我完美鼓音 是誰逼我挑戰鼓神 不瘋魔 活不成真我!,受寫作事業失敗的父親影響，19 歲 Andrew（米爾斯泰勒
義薄雲天,(1984),1984/08/11 (HK),"剧情,犯罪",2h 19m,84,英語,賽爾喬·萊昂內,哈里·格雷,"Crime, passion and lust for power.",里昂尼將舞台由西部搬至紐約地下黑幫世界，以幾個猶太裔流氓的一生折射美國夢的陰暗。悠長肅殺的排笛聲迴盪風中，往事如煙飄到布魯克林大橋下，純真歲月恍如隔世。伴隨夢中人的優美旋律總是隔著停頓，像欲言又止、無處傾訴的情話。摩利哥尼重新改編《天佑美國》、爵士曲、披頭四等名曲，符合時空背景之餘，亦是對美國文化的致敬。原創和改編曲調不時無縫交融，猶如錯綜重疊的回憶與思緖，娓娓道來橫跨半世紀的史詩。
潛行凶間,(2010),2010/07/29 (HK),"动作,科幻,冒险",2h 28m,84,英語,基斯杜化·路蘭,,進入 最危險思維空間 掀動 最奇幻驚世罪幕,Dom Cobb 是一名精於潛盜的神偷，專門趁目標人物於睡夢狀態中思維最軟弱的時候，潛入他們的意識中盜取機密資料。Dom 的天賦技能使他成為商界間諜活動夢寐以求的的合作夥伴，但同時亦令他變成失去所愛的國際逃犯。此時，Dom 接受了一項新任務，只要事成便能得到一個重生的機會，但是，他卻要做到潛意識犯罪中最不可能的境界：潛植意念。Dom 與他的夥伴並不是如以往般策劃完美的盜竊行動，相反是要潛入目標人物最深層次的潛意識中，植入一項意念。如果他們能夠成功，這將會是開天闢地，史無前例的完美罪行。  但是，即使他們如何精心策劃行動的每一步，在這次任務的潛意兇間中，卻有一個神秘敵人如影隨形，彷似能預知他們計劃的每一步……而這個神秘人，則只有 Dom 能夠感應到其存在……
鋼琴戰曲,(2002),2003/01/24 (GB),"剧情,战争",2h 30m,84,英語,羅曼·波蘭斯基,羅納德·哈伍德,戰火無情 琴鍵無聲 心靈與天地奏鳴 為時代傷痕作證,1939 年，二戰爆發，當時只得 27 歲的華迪拉史標曼 Wladyslaw Szpilman (艾哲倫保迪飾演) 被譽為是波蘭最頂尖的鋼琴家，當德國空軍的飛彈擊落波蘭國營電台那一刻，收音機在播放的正是史標曼彈奏的「蕭邦夜曲升 C 小調篇」。身為猶太人的史標曼，與家人隨即被押解到華沙的強制性猶太人區。在納粹德軍控制下的華沙街道上，史標曼苟延偷生，以在夜店演奏維生， 可是，最恐怖的時候終於來臨，史標曼跟成千上萬的同胞被勒令登上前往集中營火車……就在此時，他得到一名德國軍官荷西夫 Hosenfeld (湯馬士祈舒曼飾演) 的幫助，成功避過集中營一役，還在六年的戰火中熬過來。
加百列的地獄 2,(2020),2020/07/31 (US),"爱情,剧情",1h 46m,83,英語,Tosca Musk,Sylvain Reynard,概覽,加布裏埃爾·愛默生教授終於發現了朱莉婭·米切爾身份的真相，但他的意識到為時已晚。茱莉亞最終希望這位受人尊敬的但丁專家會記住她，並且不想再與他有任何關係。加布裏埃爾能在別人的懷抱中找到愛之前贏回她的心嗎？
蜘蛛俠：飛躍蜘蛛宇宙,(2023),2023/06/01 (HK),"动画,动作,冒险,科幻",2h 20m,83,英語,肯普·鮑爾斯,賈斯汀·K·湯普森,It's how you wear the mask that matters.,Sony Pictures 榮譽發行、奧斯卡最佳動畫電影《蜘蛛俠：跳入蜘蛛宇宙》最新一章《蜘蛛俠：飛躍蜘蛛宇宙》即將登場！穿梭於紐約布魯克林大街小巷守護居民的「蜘蛛仔」麥爾斯，跟桂恩史德西重逢後，被神秘力量帶領進入一個充滿各式各樣「蜘蛛俠」的多元宇宙。當「蜘蛛俠」們遇到危險打算聯手抗敵時，麥爾斯卻發現自己與他們產生矛盾，更被迫要與其他「蜘蛛俠」對抗，他必需重新審視成為英雄的意義，才能守護他所愛的人！…
魷魚遊戲：第 2 季：製作特輯,(2025),2025/01/03 (HK),纪录,28m,83,韓語,,,概覽,從場景設計到角色發展，透過演員群與導演的獨家訪談，一窺這部全球收視冠軍影集的第 2 季如何製作。
沉默的羔羊,(1991),1991/05/10 (HK),"犯罪,惊悚,剧情",1h 59m,83,英語,喬納森·戴米,湯瑪斯·哈里斯,To enter the mind of a killer she must challenge the mind of a madman.,正在 FBI 受訓的實習探員克麗絲·史達琳，奉局長傑克·克勞福之命，前去探訪醫生漢尼拔·萊克特以換得追尋聯續殺人狂魔「野牛比爾」的線索。「野牛比爾」（一譯「水牛比爾」）是一個變態心理罪犯，犯下一聯串殺人案件，並且剝下死者的皮，犯罪手法令人髮指。
加百列的地獄 3,(2020),2020/11/19 (US),"爱情,剧情",1h 42m,83,英語,Tosca Musk,Sylvain Reynard,概覽,一個黑暗的人帶着惡意從茱莉亞的過去回來了。加布裏埃爾有他需要分享的秘密，但擔心如果他這樣做，他會失去一切。他們的關係會經受住秘密揭露的考驗嗎？他們對但丁和弗洛倫斯的共同熱愛會是他們所希望的一切嗎？
癲狂世代,(2023),2023/10/19 (MX),剧情,2h 5m,83,西班牙語,Christopher Zalla,,Think for yourself.,在一個飽受忽視、腐敗和暴力困擾的墨西哥邊境小鎮，一位沮喪的老師嘗試一種非正統的新方法來打破學生的冷漠態度，釋放他們的好奇心、潛力……甚至可能是他們的天才。
後窗,(1954),1955/06/30 (HK),"惊悚,悬疑,剧情",1h 53m,83,英語,亞弗列·希治閣,約翰·邁克爾·海耶斯,It only takes one witness to spoil the perfect crime.,此片被視為驚悚大師希區考克 (Alfred Hitchcock) 的經典代表作，以黑色幽默的手法，描寫情色偷窺的題材。此片曾獲奧斯卡最佳導演、攝影與劇本等多項提名。傑夫 (James Stewart 飾) 是一名攝影師，因為腿斷而被迫在家休養，為了打發時間，他開始透過自家的後窗，用望遠鏡偷窺這棟紐約小公寓中的其他鄰居。除了護士與女友莉莎 (Grace Kelly 飾) 的造訪外，傑夫幾乎花所有的時間來觀察鄰居，甚至還為他們幻想了不同的故事，他的鄰居包括了一個鬱鬱不得志的作曲家、一個倒楣的老處女、一個愛日光浴的女雕刻家、一個曲線玲瓏的舞者、還有一對害羞的新婚夫婦，最讓他好奇的，則是一個神秘的業務員拉斯 (Raymond Burr 飾)，他的妻子整天嘮叨不停。一日，傑夫又在偷窺鄰居時，發現拉斯故意拉下了窗簾，他太太的嘮叨聲突然就停止，從此便失去了蹤影。
造反有理,(1984),1984/10/19 (US),"纪录,音乐",1h 28m,83,英語,喬納森·戴米,,Why stop making sense? Why a movie? Why a big suit? Where do the odd movements come from? What will the band do next?,紀錄 Talking Heads 1983 年 12 月宣傳專輯 Speaking in Tongues 的演唱會表演
防彈少年團：燃燒舞台電影版,(2018),2018/11/15 (KR),"音乐,纪录",1h 25m,83,韓語,Park Jun-soo,,"From the deserts to the seas, we were always together.","防彈少年團的故事將被拍成電影, 11 月 CGV 上映! 據體育東亞獨家報道, 講述防彈少年團成長故事的紀錄片形式電影"
真愛留聲,(2026),2026/06/19 (HK),"爱情,喜剧,剧情",1h 59m,83,英語,Leah McKendrick,,Sometimes the universe leaves you a message.,一名年輕女子總愛留語音留言給已故的妹妹，內容坦率爆笑，而她不知道的是，留言都轉給了一個遠在他方的陌生人，對方還開始動了心。
回到未來,(1985),1985/12/14 (HK),"冒险,喜剧,科幻",1h 56m,83,英語,羅伯特·澤米吉斯,鮑勃·蓋爾,He was never in time for his classes... He wasn't in time for his dinner... Then one day... he wasn't in his time at all.,"故事發生在 1985 年的美國。主角馬蒂·麥佛萊（Marty McFly）是一個居住在加州山谷市保守家庭裏的 17 歲高中生，立志成為搖滾樂巨星。但馬帝的家境並不那麼好：馬帝的父親喬治（George McFly）是個懦弱的小上班族，常受上司畢夫·譚能（Biff Tannen）的刁難；母親羅蘭性格迂腐保守，看不慣任何新生事物。此時，馬帝正計劃著與女友珍妮佛（Jennifer）於週末時開家裏唯一的破車到湖邊露營；某天深夜，陪同與他交好的鎮上怪人布朗博士（Emmett ""Doc"" Brown）及博士的愛狗愛因斯坦，一起進行由德羅寧跑車 DMC-12 改裝而成的時光機測試，並負責攝影紀錄的工作，但不巧遇上利比亞恐怖分子向布朗博士追討用於驅動時光機的鈽、甚至槍殺了布朗博士。馬蒂為了躲避恐怖份子追殺，跳入時光車企圖逃離，但意外間開啟了時光機穿梭功能，回到了 30 年前。"
野獸良民,(1998),1998/10/30 (US),剧情,1h 59m,83,英語,托尼·凱耶,大衞·麥肯納,Some legacies must end.,Derek (Edward Norton) 是一個加州年輕人，他在父親被謀殺後成為一個新納粹幫派的領導人。他的弟弟 Danny，敬佩他，並跟隨他的仇恨和暴力的步伐。當 Derek 殺死兩個黑人竊賊時，他被判入獄三年，在那裏他改變了他的思想，因為他認識了其他囚犯。出獄後，他試圖讓 Danny 遠離種族主義和犯罪，但他遇到了他以前的同伴的抵抗和他過去的後果。
幽靈公主,(1997),1997/08/14 (HK),"冒险,奇幻,动画",2h 14m,83,日語,宮崎駿,,The fate of the world rests on the courage of one warrior.,日本室町幕府時代，群雄割據，戰事連年。人民為逃避戰火，被迫棲身森林。世局動盪，令森林之神大為震怒！東方地域的男孩「飛鳥」為保護家園，殺死了發狂的野豬王，自己亦因而受傷。求醫途中，他遇上由森林守護神白狼撫養成人的幽靈公主；亦目睹了武士屠城的慘況。另一方面，城主幻姬為了讓難民有安居之所，不惜砍伐林木加固城堡，並在城內鑄造武器對抗神獸及入侵的武士。三方爭戰不休、生死待決，令局勢更為混亂. . . 男孩「飛鳥」周旋其中，竭力為人與大自然兩股敵對力量尋求和解…
反斗奇兵 5,(2026),2026/06/18 (HK),"动画,家庭,喜剧,冒险",1h 42m,83,英語,安德魯·斯坦頓,Kenna Harris,It's on.,一班玩具朋友面對「莉莉平板」（Lily Pad）如臨大敵，嚇到騰騰震，誓要與現今小朋友最沉迷的各式電子科技產品決一死戰，大家最熟悉的玩具朋友胡迪、巴斯光年、翠絲，將聯同新舊玩具對抗史上最強敵人！
同級生,(2016),2016/02/20 (JP),"爱情,动画",1h 1m,83,-,中村章子,中村明日美子,"Sincerely, Slowly, Falling in Love.","關於青春期中的少年們的純情故事。高中入學測驗獲得滿分成績的秀才佐條利人，以及遭受女生歡迎異性緣滿點的樂團男孩草壁光，這樣「性個迥異」的兩人，直到合唱比賽練習為契機開始有了交流。放學後的教室裏，草壁教著佐條唱歌，感受聲音及旋律時，兩人的內心也逐漸契合。輕浮而純情、總是直率説出想法的草壁光，與冷淡拒絕卻不經意敞開心房的佐條利人，兩人不清楚對方的想法, 或許連自己的內心都不明白。緩慢滋長、萌芽成戀愛的感情，這個青澀的時期裏，焦躁困惑卻互相吸引的兩人，終於來到了為升學未來準備的時期……。"
生之慾,(1952),1952/10/09 (JP),剧情,2h 23m,83,日語,黑澤明,小國英雄,A big story of a little man which will grip your soul...,本片為日本電影大師黑澤明早期經典代表，以淡淡的筆觸，描述老人面對死亡的心情轉變，對現代人的冷漠亦有所批判。
紫羅蘭永恆花園劇場版,(2020),2020/10/22 (HK),"动画,剧情,奇幻,爱情",2h 20m,83,日語,石立太一,曉佳奈,概覽,從事代筆職業的她，名叫薇爾莉特艾佛加登。在讓人們傷痕累累的戰爭結束後數年，嶄新的時代來臨，世界也逐漸恢復平穩，生活並隨著新技術開發而改變。就在讓人們開始往前邁進之時，心懷思念重要之人的薇爾莉特，卻必須在沒有「那個人」的世界中活著。直到某天，她看到了一封信……
荒野機械人,(2024),2024/09/17 (HK),"家庭,动画,科幻,冒险",1h 42m,83,英語,基斯·辛達斯,,Discover your true nature.,夢工場近年最大突破的動畫力作 ——《荒野機械人》(THE WILD ROBOT)，環球影業發行，今個秋天首曝大銀幕，在全球一片驕人口碑之下驚喜現身！改編自美國作家暨插畫家 Peter Brown 筆下最受歡迎兼獲獎無數、【紐約時報】銷量冠軍的同名繪本小説，由《馴龍記》、《古魯家族》金像提名大導演掌舵，用刺激感人、惹笑幽默兼備的自成一閣風格，講述機械人 ROZZUM 7134（簡稱 Roz）在遇上海難後流落無人島上的故事。Roz 面對眼前惡劣環境，必須與島上動物打成一片好好生活，他還收養了小鵝孤兒，從這些關係中學懂怎樣追尋自我、審視科技與大自然之間奧妙的真意義
藍色恐懼,(1998),2021/08/18 (HK),"动画,惊悚",1h 22m,83,日語,今敏,竹內義和,"""excuse me... who are you?""",日本傳奇級動畫大師今敏一鳴驚人之作，推出超過 20 年仍不褪色的經典！偶像團體「CHAM! 」成員之一的霧越未麻，因公司政策單飛踏上演員之路。最初只是僅有一句台詞的閒角，為尋求事業突破而出演強暴戲碼，甚至拍攝全裸寫真。昔日的清純形象逐點逐點破滅，為自己的轉變及落差困惑不已的未麻，甚至開始出現幻覺，心中彷彿有「另一個自己」存在。與此同時，未麻身邊的工作人員相繼被殺害，自偶像時期已迷戀未麻的狂熱粉絲亦出現在她面前。穿梭幻境與現實，事件的真相到底是…？
配樂大師 : ENNIO,(2022),2023/06/01 (HK),"纪录,音乐,历史",2h 36m,83,意大利語,基斯比·湯納度,,概覽,一代電影配樂傳奇摩利哥尼畢生為數百部電影譜曲，包括《星光伴我心》、《義薄雲天》、《獨行俠決鬥地獄門》、《冰天血地 8 惡人》等經典作品。融合不同音樂類型，以前衞的聲音實驗衝擊世界，開啟電影配樂歷史新一頁。筆下佳作為光影增色點綴之餘，更是可供獨立欣賞的藝術瑰寶，至今仍叫不少影迷津津樂道。《星光伴我心》導演基斯比湯納度親自訪問合作無間的大師，回顧最初的古典音樂訓練及超過半世紀的創作生涯，甚至親述與奧斯卡多次擦肩而過的遺憾。塔倫天奴、貝托魯奇、王家衞、約翰威廉斯及奇連伊士活等知名導演、演員及音樂家紛紛獻上讚美之詞，足見大師地位非凡。
暴雨驕陽,(1989),1989/06/02 (US),剧情,2h 9m,83,英語,彼得·韋亞,託馬斯·舒爾曼,He was their inspiration. He made their lives extraordinary.,本片講述一間傳統學校的老師用反傳統的方法來教學生們詩歌、文學、生活的故事。電影不僅是主演羅賓·威廉斯的經典之作，同時也是一部講述師生關係的優秀電影。
這個殺手不太冷,(1994),1997/06/26 (HK),"犯罪,剧情,动作",1h 51m,83,法語,洛·比桑,,"If you want the job done right, hire a professional.",里昂（尚聯奴 飾）是紐約的頂尖職業殺手。當他的鄰居一家因毒品問題被殺害後，他無奈成為唯一倖存者 ——12 歲小女孩瑪蒂達（妮妲莉寶雯 飾）的守護者。但瑪蒂達不僅想獲得保護，更要向斯坦菲爾德 (加利奧文 飾) 報仇。她遂央求里昂訓練她成為殺手，為弟弟報仇。當里昂遇上瑪蒂達後，讓孤獨安靜的他生活起了變化，也成了他的唯一致命傷……
帶來靈魂：防彈少年團演唱會電影,(2019),2019/08/07 (KR),"音乐,纪录",1h 45m,83,韓語,Park Jun-soo,,"Forever, we are young.",據媒體報道防彈少年團 第三部演唱會電影《Bring the Soul：The Movie》確定將於 8 月 7 日全球同步上映並公開了海報。據悉，該電影記錄了防彈少年團從首爾開始經過眾多的城市，結束漫長的歐洲巡演後在圍坐在巴黎一個小小的屋頂舉行屬於他們自己的慶祝宴的模樣。另外，《Bring the Soul：The Movie》將展現防彈少年團 7 名成員各樣的魅力，他們率真坦誠的面貌將帶給觀眾心動和感動，該片將於 8 月 7 日上映。
獻給我的前妻,(2019),2019/11/08 (EC),"剧情,喜剧",1h 34m,83,西班牙語,Jorge Ulloa,Diego Ulloa,概覽,這部電影講述了 21 歲的阿裏爾的故事：為籌錢挽回瀕臨破裂的戀情、與前女友重逢，他決定組建一支搖滾樂隊，參加獎金高達一萬美元的樂隊大賽，這已是他最後的辦法——此前，女友因要前往芬蘭實習，兩人的感情走到了盡頭。阿裏爾和好友奧爾特加一起舉辦海選招募樂隊其他成員，盡管兩人對音樂一竅不通，最終還是組建起一支成員性格迥異、喜好截然不同的樂隊。
大獨裁者,(1940),1947/03/27 (HK),"喜剧,战争",2h 5m,83,英語,差利·卓別靈,,Once again - the whole world laughs!,差利·卓別靈（Charles Chaplin）自導自演的第一部有聲片，此片拍攝於希特拉（Adolf Hitler）氣焰最為囂張之時，片中對希特勒大加諷刺的情節顯示了其道德勇氣可嘉的一面。  這部電影由第一次世界大戰為起始點。卓別靈飾演一個未提及名字的猶太理髮師。他在戰爭期間救下一名叫 Schultz（由 Reginald Gardiner 飾演）的士兵。他們一起乘坐飛機離開了前線，但不久後燃油耗盡，撞上一棵樹。Schultz 成功逃過一劫，而理髮師失去了部分記憶，並在醫院裡住了二十年，不了解外界——托曼尼亞王國（Tomainia，影射納粹德國）發生的改變：Adenoid Hynkel（影射希特勒，卓別靈的雙重角色）此時成為托曼尼亞王國的殘暴獨裁者，並在其大臣 Garbitsch（音似 Garbage 或 rubbish，影射約瑟夫·戈培爾）（由Henry Daniell飾演）和 Herring（影射赫爾曼·戈林）（由Billy Gilbert 飾演）的協助下試圖迫害全國的猶太人。
We All Loved Each Other So Much,(1974),1974/12/21 (IT),"剧情,喜剧",2h 5m,83,意大利語,艾託尼·史寇拉,富里奧·斯卡佩利,A many splendored thing.,"Three partisans bound by a strong friendship return home after the war, but the clash with everyday reality puts a strain on their bond."
摩登時代,(1936),1937/05/07 (HK),"喜剧,剧情,爱情",1h 27m,83,英語,差利·卓別靈,,"He stands alone as the greatest entertainer of modern times! No one on earth can make you laugh as heartily or touch your heart as deeply...the whole world laughs, cries and thrills to his priceless genius!",《摩登時代》雖然是默片，但是實際上它包含聲音，比如收音機和電視機的聲音；卓別林以此來幫助 1930 年代已經不習慣看默片的觀眾來熟悉默片中觀眾聽不到的對話。這部電影中有一個情節，是卓別林的上司觀察他在洗手間偷偷地抽煙；這個情節比喬治·奧威爾於 1948 年所寫的《一九八四》中的一個類似的情節早了十多年，而同樣諷刺。《摩登時代》也是第一部可以聽得到卓別林本人的聲音的電影，電影結束時他哼的那支歌是他親自哼的。雖然如此，這部電影一般依然被看作是一部默片。
Out of the Clear Blue Sky,(2019),2019/12/24 (MX),"喜剧,剧情,音乐",1h 52m,83,西班牙語,Pepe Bojórquez,Alfredo Felix-Diaz,概覽,"Returning to Earth as an imitator, the legendary Mexican artist Pedro Infante must prove that he is no longer a womanizer to enter paradise."
夜與霧,(1956),1956/05/22 (FR),"纪录,历史",32m,83,法語,亞倫·雷奈,讓·卡約爾,概覽,本片可説是戰後十年控訴納歲以及戰爭暴力最有力量的影片，在極為詩意、內化的基調中，娓娓道出納粹迫害猶太人的慘痛過往。黑白的歷史影像，與色彩卻殘敗得怵目驚心的現代場景交叉剪接，亞倫．雷奈沒有使用任何情緖性的字眼，一段段如詩的口白與影像，卻使這段歷史歷歷在目。影片在冷靜的唸白與近乎冷漠的影像中結束了，戰爭也是嗎？
制裁者：最後一擊,(2026),2026/05/12 (US),"动作,剧情,犯罪",51m,83,英語,雷納爾多·馬庫斯·格林,傑瑞·康威,Hey Frank.,當法蘭克卡索尋求超越復仇的意義時，一股意想不到的力量將他拉回戰場。
莫負少年頭,(1946),1946/12/20 (US),"剧情,家庭,奇幻",2h 11m,83,英語,法蘭·基勃拉,阿爾伯特·莫里斯·哈克特,It's a wonderful laugh! It's a wonderful love!,美國 AFI 百大經典之一，喜愛經典電影的人必看佳片，一流的劇本，一流的演技。生命的價值何在？讓這部片以不説教的方式告訴你。法蘭克卡普拉（Frank Capra）執導，詹姆斯史都華（James Stewart）主演。這是一部探討生命意義的電影，裏面談天使，也談相信奇蹟。喬治貝裏 (James Stewart 飾) 從小生活在貝福鎮 (Bedford)，他一直希望能離開這土生土長的地方，去看看外面新奇的世界並闖出一番事業。但每次當他打算離開時，小鎮總是會發生一些意外的危機，使得他無法抽身，不得不留下來。
紅樓金粉,(1950),1950/08/10 (US),剧情,1h 50m,83,英語,比利·懷特,查爾斯·威廉·布萊克特,A Hollywood Story: Sensational...Daring...Unforgettable...Sunset Blvd,比利·懷德（Billy Wilder）執導 1950 年代美國黑色電影經典之作，獲第 52 屆奧斯卡最佳改編劇本、最佳藝術指導（黑白片）、劇情或喜劇類最佳配樂三個獎項。在荷裏活的日落大道邊，有一個荒廢的豪宅，院子進裏的遊泳池裏發現了創作家 Joe Gillis（William Holden 飾）的屍體。故事就由這具屍體展開。失業又被分期付款所逼的 Joe Gillis ，逃到了默片時代的大明星 Norma Desmond（Gloria Swanson 飾）的大屋內，受她的委託，修改一個叫《莎樂美》的劇本，從而開始了他的劇作家生活。後來他們二人都被對方所吸引。Joe Gillis 對大導演 Max von Mayerling 作 Norma 的管家侍候 Norma 大為不解。劇本完成後，為了要把這本劇本送給老朋友 Sheldrake 導演，Norma 帶了 Gillis ，叫 Max 開車到攝影場。這位導演祇對這部老爺車感興趣，並不喜歡 Norma 的劇本，Max 和 Gillis 都不敢把真像告訴 Norma。這時 Gillis 對在攝影場劇本部工作的 Betty Schaefer（Nancy Olson 飾）一見鍾情，Norma 知道這件事後決意要破壞他們的感情，Gillis 非常生氣，將所有事情的真像都揭露了. . .
閃亮人生,(2011),2012/09/06 (HK),"剧情,喜剧",1h 53m,83,法語,埃里克·託萊達諾,奧利維埃·納卡什,一對不平凡主僕 逆轉不一樣人生,出身法國貴族世家的菲臘（法司華古薩 飾），因一次跳傘意外而幾乎全身癱瘓，只剩下情緖意識和思考能力，終身只能坐在輪椅上，全身無法動彈，唯有聘請一名能 24 小時照顧日常起居生活的看護。菲臘竟僱傭了剛剛出獄、住在巴黎近郊「廉租屋」的黑人男子迪維斯（奧馬司飾）來照顧他，二人一白一黑，一個説話文謅謅一個粗俗無聊，一個西裝筆挺一個愛穿底褲拖鞋，兩個生活在不同世界的人長時間相處下來，竟爆發出友誼火花，讓人生逆轉過來！
劇場版 五等分的新娘,(2022),2022/10/06 (HK),"动画,喜剧,爱情",2h 16m,83,日語,神保昌登,大知慶一郎,概覽,講述為了讓「瀕臨留級」又「討厭學習」的美少女五姊妹通過學校考試畢業，主角風太郎以兼職家庭教師的身分來到中野家指導她們的課業，也因此漸漸與五胞胎們培養出感情。
邊境奇襲,(2025),2025/02/28 (HK),"动作,冒险,惊悚",1h 25m,83,西班牙語,Chava Cartas,José Rubén Escalante Méndez,概覽,營救人質任務招來新敵人，格雷洛上尉和他率領的精銳士兵必須面對犯罪集團的伏擊。
狂沙十萬里,(1968),1969/09/25 (HK),"剧情,西部",2h 46m,83,意大利語,賽爾喬·萊昂內,塞爾吉奧·多納蒂,There were three men in her life. One to take her… one to love her —and one to kill her.,義大利西部片宗師李歐尼（Sergio Leone）的傳世經典之作，繼與克林伊斯威特合作「鏢客三系列」之後，李歐尼這部近三個小時的長篇鉅作，被稱之為影史上最偉大的西部片。
新世紀福音戰士劇場版：Air／真心為你,(1997),1997/07/19 (JP),"动画,科幻,剧情,奇幻,动作",1h 27m,83,日語,庵野秀明,鶴卷和哉,The fate of destruction is also the joy of rebirth.,《新世紀福音戰士劇場版：THE END OF EVANGELION》（日語：新世紀エヴァンゲリオン 劇場版 THE END OF EVANGELION - Air/まごころを、君に）是新世紀福音戰士第2部動畫電影，分成Air與真心為你兩個部分。製作這劇場版的原因是由於TV版的結尾兩集只描寫了主要角色的心理，而沒有交代故事的結局，所以本作才是新世紀福音戰士真正的結尾。 而TV版結尾是庵野秀明要闡述自己的思想開導社會適應不良者。片中一問一答的對話是一種精神分析和精神治療的方式，透過對主要角色的心理分析和試圖解決他們的障礙來向觀眾傳達具有教育意義的思想。這種內容對劇情發展沒有助益，但是具有教育價值。
現代啟示錄,(1979),1980/03/27 (HK),"剧情,战争",2h 33m,83,英語,法蘭西斯·柯波拉,約瑟夫·康拉德,This is the end...,1968 年，特種部隊上尉班傑明·韋勒（Benjamin L.Willard）奉命前往越南「制裁」已失去控制的上校華特·寇茲（Walter E.Kurtz）。寇茲已不受上級指揮，在中立的柬埔寨指揮自己的部隊，並被土著當作半神崇拜。在溯遊而上的過程中，韋勒見證美軍使用各種激烈殘暴的行為來殺害人類，讓他不禁開始思考所謂文明的意義。一日，韋勒得知六個月之前有人被指派相同的任務前往刺殺寇茲，但是失敗；上級説他自殺，後來韋勒發現他實際上加入了寇茲。最後在叢林深處，韋勒終於找到寇茲；片末韋勒用大砍刀殺死寇茲，最後在土著的注視及膜拜下帶著寇茲留下的紀錄與最後一名船員蘭斯一同乘船離開。
螢火之森,(2011),2011/09/17 (JP),"爱情,动画,奇幻",45m,83,日語,大森貴弘,,概覽,《螢火之森》是由《妖怪連絡簿（夏目友人帳）》漫畫原著 綠川幸所作的短篇漫畫作品。
猶瑟與虎魚們,(2020),2020/12/25 (JP),"动画,剧情,爱情",1h 38m,83,日語,田村耕太郎,桑村沙耶香,Together they can fly.,與祖母住在一起、不良於行的少女喬瑟，雖然從小坐在輪椅上，卻因為熱愛繪畫與書籍，讓她能以天馬行空的想像力活在自己所構築的世界當中。專攻海洋生物學的男大生恆夫，為了能夠出國留學並親眼看見墨西哥的幻之魚群，而努力打工實現夢想。某日喬瑟的祖母給恆夫一份工作，要他陪伴在喬瑟身邊……
